uuid,url
78f9e8a5e9eb46e1a1468a818b5c269b,https://www.bilibili.com/video/BV16x411B7LV
a1ce94df8c454af9a00c2a78060c8310,https://www.bilibili.com/video/BV154411z7jb
d6925651f39343e7946c857a2da5a5d4,https://www.bilibili.com/video/BV1Ft411A7Xk
a9a46d54a3a04023b931feb852715b34,https://www.bilibili.com/video/BV1u8411t7e9
9781ac273afd4f46892477a2ddf3d6a0,https://www.bilibili.com/video/BV12K411M75n
880ff543332e42a3be93efe1882fe86f,https://www.bilibili.com/video/BV1vQ4y1A7vq
b9c7500ec5584765abec0131088d4b79,https://www.bilibili.com/video/BV1Wt41197wZ
be8f47d5b2254fab972b0127394cb755,https://www.bilibili.com/video/BV1qU4y1e75t
0d4c46fc550f4d308b936b491fc12e0b,https://www.bilibili.com/video/BV1HT4y177zz
b1a973ebea3c4a0aa347b8cdc8665c3c,https://www.bilibili.com/video/BV1Jg411K7Sq
e40e31b9411c45f79b49524bdbb65bdb,https://www.bilibili.com/video/BV1Ff4y1V7te
79dc2f8f4d9d416b89cd050a946cb2e1,https://www.bilibili.com/video/BV1x64y1W7Yz
843af0a01c44441faffcac438db2b1aa,https://www.bilibili.com/video/BV1uf4y1V7un
ae094e36f8e142ada59aaff3fa479b8b,https://www.bilibili.com/video/BV14S4y1P7MW
e66e2ee958714264a3de250122520453,https://www.bilibili.com/video/BV1oe4y1n7eE
0970bf23e5654b3d9a9c037b2dc6bfbd,https://www.bilibili.com/video/BV1yU4y1j7dV
b1b68d86617446a591528b94b3e0d343,https://www.bilibili.com/video/BV16V4y157xk
b549c73f980d451fb3b2b833211d50e5,https://www.bilibili.com/video/BV1mg411C7xx
47ef740537784b73b30604006a6a2336,https://www.bilibili.com/video/BV1F44y1y7N8
3d68b8de1310463cb1383681bec5b19e,https://www.bilibili.com/video/BV1yA411c7Kt
8013b4d8372f4edab0ead770818ccaac,https://www.bilibili.com/video/BV1mR4y1w7B3
f6057a618771492ebdff5cdd19099000,https://www.bilibili.com/video/BV1hL411b78U
41de3ed946174beea162356e36eba0a3,https://www.bilibili.com/video/BV1qq4y1Q7R7
092b5cd0c8d744a4b89f3585f757da23,https://www.bilibili.com/video/BV1jq4y197dJ
38de11b9a93a4576a5c0118f6231a757,https://www.bilibili.com/video/BV1S7411V7jV
6ac23ab9049c4ee88f5532003102b2c8,https://www.bilibili.com/video/BV1X5411b7xA
a3f982e7de9b4e94a80a1b1dd4bd5cd5,https://www.bilibili.com/video/BV1DT4y1c7wt
935001782d7041a587e762d503ca53e9,https://www.bilibili.com/video/BV1r64y1T7aN
7807ac8865f34c0bba866229ece6e842,https://www.bilibili.com/video/BV1Kx41167Pb
948141a6fe45451b99ced593a944a991,https://www.bilibili.com/video/BV13f4y1T7RB
b46489b133af4ab6ae1508f7d2f13b1f,https://www.bilibili.com/video/BV1R44y1L7E2
df5cb6bcaac24f28a068a6599d60789a,https://www.bilibili.com/video/BV1Z44y117Sv
8fa8b20490fe46c5aeb328fe7f8939d5,https://www.bilibili.com/video/BV1yt411X7qD
a20027d2cef443b2a079df7372d5b249,https://www.bilibili.com/video/BV1bN411X7r4
ef4461420c1b4a80bb87db6f9acc0bbd,https://www.bilibili.com/video/BV1W44y1r7qa
bbf148ff0b544ee7b0419c2edee47784,https://www.bilibili.com/video/BV1TT4y1m7Wi
82763c9019c44c1580849391e2f55b79,https://www.bilibili.com/video/BV1GV4y1u79C
b933414937bd43e08153e6ebb5d57664,https://www.bilibili.com/video/BV1Ru411y7Wf
3ca8f39c5de84b769d9e6a80f56dc4a5,https://www.bilibili.com/video/BV1RA4y1Z7bQ
a23f770de36b4cafbdf0099660652e2c,https://www.bilibili.com/video/BV1ET411A7dn
bb026cdc93ec49d7ae1ee15b0c6b8f0a,https://www.bilibili.com/video/BV1FL411E7Po
2fa0764f5cc2479ab1cf25522dab9157,https://www.bilibili.com/video/BV1fh411z79y
900ad22b1a994a3bb65fd315ea81e181,https://www.bilibili.com/video/BV1nq4y1675Q
6177b2fc16c3456d8f905f01730c348c,https://www.bilibili.com/video/BV1UV411r7EP
f3cc493daa6f49e3bf34ea967ef74357,https://www.bilibili.com/video/BV1EE411F7er
f7cd10bf5dd9400fbb1f1da10faf9f3b,https://www.bilibili.com/video/BV1nT411j7ia
0d294887567048caa9f3816cc7aaf2c0,https://www.bilibili.com/video/BV1Us411A7aq
67ab76275d554ad8a27b943c408dc578,https://www.bilibili.com/video/BV11v4y1A7kG
42372262330d4ddea94c83684d03572e,https://www.bilibili.com/video/BV1Te4y127GA
e97716cda56549cb90053edc8256e308,https://www.bilibili.com/video/BV1Hs411R73A
f194528629064dbd8028a5e20351244b,https://www.bilibili.com/video/BV1K4411d7mf
462378267e324881b9b8de27166139cd,https://www.bilibili.com/video/BV1gq4y1Q7dx
c18d6db568cf4aff8c3043534628f27f,https://www.bilibili.com/video/BV1s14y1h7xJ
1a39b8abf0c24eff828239a46527a0d5,https://www.bilibili.com/video/BV19W411x7LZ
590587fbebec44a09085a3ef7cf002ae,https://www.bilibili.com/video/BV1sL411w7Dk
211fa85974bb44f78f13a87688585dfa,https://www.bilibili.com/video/BV1oE411A7du
bbd70a21130f4652856ae87742c6b9df,https://www.bilibili.com/video/BV1Pb4y1H7E1
0392bb7d54f1408a9acb208b10f41613,https://www.bilibili.com/video/BV1mr4y1v7Mr
eb0865535b1e4fb689d7ebffbed789b7,https://www.bilibili.com/video/BV1nT411w7UD
72cfa040c08a44ffb8e0bf52c7bf58c4,https://www.bilibili.com/video/BV1L7411h7c6
6a246ecdfc544a14b31d26c445dd445f,https://www.bilibili.com/video/BV17r4y1C7zR
643b1651496546a3b1885a528324ad2c,https://www.bilibili.com/video/BV1MB4y187TV
f5402b07549e42d18c1f0c5ea9f1f23e,https://www.bilibili.com/video/BV1HS4y1v74j
75032a21d2b1463682c9aa8e7170b22c,https://www.bilibili.com/video/BV1bq4y1J7Uv
ee1616fcf6a4453580861392a8823fdc,https://www.bilibili.com/video/BV1F8411e7y7
c53ab6003157497e9d5e350651e2339a,https://www.bilibili.com/video/BV1r541197eq
8d60f5de5110459da82853bbac82a0c8,https://www.bilibili.com/video/BV1Ay4y1U7mR
691475490eb24216bda9f6af60766ad9,https://www.bilibili.com/video/BV1MT4y1f7ia
5d1e9450447749b5a16f8ce5e66a7f2e,https://www.bilibili.com/bangumi/play/ep423516
f153a81101c14b61b12bd4f1c6615870,https://www.bilibili.com/video/BV1MQ4y1U7At
c4f0180c1d394b07bbbb0053326f0b72,https://www.bilibili.com/video/BV12L411u71u
48e95acd66984f0da9c36522eb6729fb,https://www.bilibili.com/video/BV1Nu411v7Qi
17c3302256ac4aa68e6731da0404d1eb,https://www.bilibili.com/video/BV1vt4y1S7eE
351987cbd3e547ee87df976f4b705f80,https://www.bilibili.com/video/BV1AR4y1N7zn
b6a479d148ad4759b4c9fcd022d37662,https://www.bilibili.com/video/BV1M4411m7g7
26022065d2c3495c92e5025285baeac5,https://www.bilibili.com/video/BV1Vd4y197q6
d6a400a1380b406293743932a4325c50,https://www.bilibili.com/video/BV1CW411s7DN
2fc57bb8ec554576b667ccf4211534b2,https://www.bilibili.com/video/BV1bB4y1b7cQ
4165b6092034477f82e60772d172d300,https://www.bilibili.com/video/BV1rz411q7Fk
c4487735bba94f82853b44e97e97da6a,https://www.bilibili.com/video/BV1Ef4y1u7nH
bfaf49dbd3284039a200789b05c786e6,https://www.bilibili.com/video/BV1zB4y1M7Jq
20ab57acf461450087c2c684aebfdb9b,https://www.bilibili.com/video/BV16T4y1L7kN
60892442b59a487ba95feac8e305bce1,https://www.bilibili.com/video/BV1jT411777B
dd02aa1384e14097b9ce65e3341e7955,https://www.bilibili.com/video/BV1k34y147Cg
c6e137770a8e451ab6b908c6edd6291a,https://www.bilibili.com/video/BV1GG4y1n7cM
2c2b08c1530b42aabd87500ae7d9d339,https://www.bilibili.com/video/BV1Jv4y1f7DG
421443e3e3c14c9ba97d3e52d29b4760,https://www.bilibili.com/video/BV1vL411J7ut
936250a9331844dbb468202d18cf1f08,https://www.bilibili.com/video/BV19b411E7XF
918954a9fbfd47d4892ceb5115485c03,https://www.bilibili.com/video/BV1d3411b7AE
e2785f009916438989b847f89d4c37fd,https://www.bilibili.com/video/BV1KA411J7EN
5faf5175e6214166918f7e7167f8ef57,https://www.bilibili.com/video/BV1pA411p7VT
448b83036f49418aa34df9ded6053073,https://www.bilibili.com/bangumi/play/ep432260
ceffe9a8ab074555b985b56576f77841,https://www.bilibili.com/video/BV15g411Z7Dj
b37ba11cb6354fb994c9e3bbca1a3fe4,https://www.bilibili.com/video/BV1Nh411x7wj
fc572b0ff17245a6b4cb4c9e295f8bd5,https://www.bilibili.com/video/BV1KF411x7r4
2fc4f8053f104c5fa2edf71319a48b1b,https://www.bilibili.com/video/BV1Dz4y1m76p
4164d2bb3cdb4bf083406a054a069300,https://www.bilibili.com/video/BV1rh411z7hw
c31416ed06e844cb814772d9080dd201,https://www.bilibili.com/video/BV1ug4y167tC
ad1eb9ebd0d741fcbc3ab12237931ef0,https://www.bilibili.com/video/BV1tJ411W7V2
6790a4c6bd544016918a3ba633ea3995,https://www.bilibili.com/video/BV1oL4y1i7qp
d8b7f249210e427a9f35db24cf56d2c6,https://www.bilibili.com/video/BV1SX4y1G7Pa
1c69151a9f8945b1a2ebd6150252817a,https://www.bilibili.com/video/BV1we4y1B7vy
afc8894d95284365859aad999b6fb7e2,https://www.bilibili.com/video/BV1Cu411X7bD
e76d36aa6849414f9e9891cec45a4c9a,https://www.bilibili.com/video/BV1cB4y1r7wq
60c790cf22ed41739d992b7e17dc056b,https://www.bilibili.com/video/BV1D54y117eT
775a2b0f983f45838c265e15e4484db6,https://www.bilibili.com/video/BV1cY411M7rq
9a14ea63853f46c292b93e1fb1a6fd25,https://www.bilibili.com/video/BV1wJ411i7zr
f4372aaf2fbb4397ae13abce110986fd,https://www.bilibili.com/video/BV1qN4y1N7aM
d716609627ed48059e9bef27676733fe,https://www.bilibili.com/video/BV1kB4y1E7wx
21ab036d9b714d08a19abfac9b73f3cb,https://www.bilibili.com/video/BV1g64y1c78T
15197ef1bbfc492d827b7d80267dfee3,https://www.bilibili.com/video/BV1ms411Z7JA
90290122a7f547808937a9327128d0f1,https://www.bilibili.com/video/BV1CK411n7nH
28cdac2414964a16bdc34e6148d7d68f,https://www.bilibili.com/video/BV1Nf4y1V77f
f49e2dfc6e1941a0a325af13ecc340c4,https://www.bilibili.com/video/BV1yo4y1k7PQ
91f8d446796a46a8bc3c6348c8b054ad,https://www.bilibili.com/video/BV1jA411P7xq
1a27b4ace5b543a6a8b9b8190420ca75,https://www.bilibili.com/video/BV18r4y1Y76J
4e57ef8cd6e940f182d646943dcdc9e0,https://www.bilibili.com/video/BV1hA411H7Bo
25c06c2186a44521a8c9cddf23eb6f5a,https://www.bilibili.com/video/BV18a411Q7eb
ade1a4fdf2db4f548e017e5b34ce64c9,https://www.bilibili.com/video/BV1EQ4y1U7Fp
0f7c5d1c09334e20a80a0fb5f4df8114,https://www.bilibili.com/video/BV1P5411Q7vK
52db27dd0a914ecb954285cdf9197210,https://www.bilibili.com/video/BV18e411V7Yn
839acec3a6cd484284dd69dff565c77c,https://www.bilibili.com/video/BV1qY411f7DN
c301a167f4854915ac72f3ad0e7f9488,https://www.bilibili.com/video/BV19b411s7T3
c095223c66534ea580c62cbb486c7ba1,https://www.bilibili.com/video/BV1iq4y1Q7Nn
3aa81511facf436a89e891bfb87fcb66,https://www.bilibili.com/video/BV1VW411M7JS
e69a224240574ec0a9a534b7dec342b3,https://www.bilibili.com/video/BV1iU4y1z7Zo
2e8c65e707e64f90a34ba4089c984371,https://www.bilibili.com/video/BV1Zt4y1M7YT
bdf55aaa5ce540f19316f45c546b4816,https://www.bilibili.com/video/BV1ag4y187ec
c4b9214e1e5b49ffbaa5c06f65d8654f,https://www.bilibili.com/video/BV1z7411B7zh
25e280e8353a4e3fafddb169b0e42d83,https://www.bilibili.com/video/BV1EL4y1a7zz
e2b47962068f4fed9b76a48e426bf48a,https://www.bilibili.com/video/BV1mE41157CJ
4a297cf7707143bca3335f1e547b0a30,https://www.bilibili.com/video/BV1X5411f7pj
389673ef7df744c19023b8e68223f929,https://www.bilibili.com/video/BV1yR4y1g7nk
e89acc3ae8624e41825a7f6d9c48708e,https://www.bilibili.com/video/BV1fW411U7rz
fd1f1d225b24466098a5a5542f952638,https://www.bilibili.com/video/BV1YS4y1376h
b2fd8db846a048c98d54d791e42a03db,https://www.bilibili.com/video/BV1JE411G79H
77579589805d406fb71bb5e955ae4a3d,https://www.bilibili.com/video/BV1z4411V7MH
2e26d9b477e84b04ac982caffb5c5edd,https://www.bilibili.com/video/BV1bK4y1N7ke
a0c4c940873a494e8561cdc8f7fd89fe,https://www.bilibili.com/video/BV1xz4y1Q7j3
90df9554bc194203ab39eb8631248dc0,https://www.bilibili.com/video/BV1gD4y1c74f
946f873405b34805918c1c8b15000fe4,https://www.bilibili.com/video/BV12T411j7eu
905fb18733714cd7bc0d173e039dbb8c,https://www.bilibili.com/video/BV1my4y1a7gU
2a50cbde2aa4463a8d25ebaa1c7d99ca,https://www.bilibili.com/video/BV1CP4y1m7Sa
e147dbe5215740c5b61807dbc38c0562,https://www.bilibili.com/video/BV1V44y1B7An
5ad1663c88914d83aa345b8e236c439e,https://www.bilibili.com/video/BV1z441197UP
7236b79e4d654de4930334db1232c660,https://www.bilibili.com/video/BV17y4y1Y7FL
ebc96a35b0854acc9f14e9984441a375,https://www.bilibili.com/video/BV1Bv411M7Cy
e3eeea32b3e143cfa5d030f8eed1d95b,https://www.bilibili.com/video/BV1gY411E7F4
451c022f855e4838a077ae6b6adc3c90,https://www.bilibili.com/video/BV1rf4y1K7W6
5bb70599f4d24364aaa8bfe98a2da43b,https://www.bilibili.com/video/BV1x54y1o76y
aef4145b9fa14cb397f34b838fe13cd9,https://www.bilibili.com/video/BV1Zi4y1R7fN
c50f64c73212400dbbbd12aaaa0e2d2a,https://www.bilibili.com/video/BV1b3411k7Le
a50665d5fbff45eca685dcd7928a96a1,https://www.bilibili.com/video/BV1At411R76f
2a55365f892448c38e9e429802f50d78,https://www.bilibili.com/video/BV1pr4y1M7Cr
2d8343c7df2145f5a917fe5a9bb6fb5d,https://www.bilibili.com/video/BV1FY4y1h7t6
a6f97da042bf44e09fafe642fc941b9d,https://www.bilibili.com/video/BV18i4y1d7Qm
40a665fabf18479a8656a2c1b38fcfe5,https://www.bilibili.com/video/BV1Hy4y1v7Zj
4c5a182e9bc746b1953c6a6d6ad5b86f,https://www.bilibili.com/video/BV1EZ4y1p7AF
dc7f5c13d3474a4aad11ee9acbd7013f,https://www.bilibili.com/video/BV1Pi4y1E7rE
1c13b9c5734c43a995785f787c29535b,https://www.bilibili.com/video/BV1zS4y1J7Rc
9881720a10cd436fa01e6f234b2c7da8,https://www.bilibili.com/video/BV1aW411b7b8
85bad1fe894a4a63a17f20c6f4e633e3,https://www.bilibili.com/video/BV1Za4y1v7qq
8ac97dbd87db4b0d8a36e3f880c3799b,https://www.bilibili.com/video/BV1su41167or
6337ff95f9ee455297caf6c8c1f70a07,https://www.bilibili.com/video/BV1is411N7cB
d83d70e72a184b48960611d98dcfe877,https://www.bilibili.com/video/BV1rK4y1x72U
2c20eaff9d9d44da880bca6e1bd3bbf4,https://www.youtube.com/watch?v=OZlUvIV50Ww
e7186dfb78824245bee86333c61da662,https://www.bilibili.com/video/BV1CZ4y1d7hs
e5e904773c664355846eb39bd424b7fb,https://www.bilibili.com/video/BV1rx411D7eL
598ad3aa84be422bb95201c3a85aea64,https://www.bilibili.com/video/BV1Vz411v7cm
1613b662b92b46328fa982684ca08fd4,https://www.bilibili.com/video/BV1JA411t7A2
e38ec32721194ab98a906530bdf45d81,https://www.bilibili.com/video/BV1r4411b7yn
0438087901174f67bd037bb0adc688ce,https://www.bilibili.com/video/BV1EU4y1c7Gn
ce8a213639b54932b192373158c8fc5b,https://www.bilibili.com/video/BV1vb4y1n7Bu
5e2043e0d9024b8ca51629affa0d4689,https://www.bilibili.com/video/BV1UT4y1d7Uw
c02cc7132a5247388fac1c87ce4dc2ee,https://www.bilibili.com/video/BV1zR4y1s7gV
626c8ca8fa1647069186818e519f644f,https://www.bilibili.com/video/BV1t7411G7MH
5a264cc061424f58ae560724a1e9adb1,https://www.bilibili.com/video/BV1DE411W7S5
eeb943cd59cd4c05b5968c111fc3542b,https://www.bilibili.com/video/BV1vy4y1a7d9
4fa1c987b4d347c28b8c38944722ef35,https://www.bilibili.com/video/BV1rT4y1v7fM
25a4b73d681f490caf162ec61245c18e,https://www.bilibili.com/video/BV1Bs411M7yk
337656cddb4b476f803dff6e2cdcf3d5,https://www.bilibili.com/video/BV1Z94y1Q7Bs
c7b7d237734d4bc48ad7dffc9176cc6a,https://www.bilibili.com/video/BV17T411L7om
a7edcef338244a218c902e984a8141ef,https://www.bilibili.com/video/BV1wE411q7Tf
98277c2142e444ccb8c8abb45289e7d3,https://www.bilibili.com/video/BV1Kb4y187to
1c008615fb654a93bcfd41beaff68e09,https://www.bilibili.com/video/BV1tx411y75j
0fc09a69db624bdc821fa0b3ce630072,https://www.bilibili.com/video/BV1tB4y1n7ec
a2e83201e33648bf9d7afe119388fd33,https://www.bilibili.com/video/BV1V4411v7Jk
854cca707d494108bb032e609732cc70,https://www.bilibili.com/video/BV1gT4y1d7Cw
f78ced678a4041fab71575058fe2163f,https://www.bilibili.com/video/BV1Xq4y1y7ek
41e61a67edde4f65be4cd3867e104b26,https://www.bilibili.com/video/BV11a411V7BF
668d033ed66146d9b7e30f140e051ec9,https://www.bilibili.com/video/BV1gK4y1U7wV
d79b4d030a434cbe980ecd5a066aebc7,https://www.bilibili.com/video/BV13i4y1o7n5
2884120042b841d99dab643bd91f1afe,https://www.bilibili.com/video/BV1o54y1G7fT
b0ad394791474c21853f37e6e49e12e5,https://www.bilibili.com/video/BV1KZ4y1f7eF
422c8e4f2c5644aaa1c5d568ae5f3d19,https://www.bilibili.com/video/BV1Nf4y1Z7d6
7640d90ee0514a20b80f5cdefcd635f4,https://www.bilibili.com/video/BV1xv4y1A7gk
74771c0070eb420f9460230de862d063,https://www.bilibili.com/video/BV1uz4y1Q7rZ
2fe52a40abe04eebb17ff3adf82948dc,https://www.bilibili.com/video/BV1FW411n7s6
6fec08482e4e4a32bcbebff4e8961fd7,https://www.bilibili.com/video/BV1Z5411n73q
cf7c6ffb44b746fab7faf304d2193b64,https://www.bilibili.com/video/BV1Le411j7zj
0c52d91cc04943b7a741a9e52885a22f,https://www.bilibili.com/video/BV1fq4y1X7x3
2ac59005512c4360a006b4e776f4e77c,https://www.bilibili.com/video/BV1Kt4y1G74W
1c581b173f084b49a16cac8f2a024493,https://www.bilibili.com/video/BV16W411C7w4
66c4eeb9224142189836649e3967db5b,https://www.bilibili.com/video/BV1L44y1a75U
423e71132ad3423dae2b3d754740a328,https://www.bilibili.com/video/BV1as411g7Jv
a9358398b382410497de4c7d2dd04e1d,https://www.bilibili.com/video/BV1kv411B7oB
58fb15b5fd8748598fc2e44169188cde,https://www.bilibili.com/video/BV1nZ4y1k7XU
c0edd23cc55b4e5a8481c4766f9e6040,https://www.bilibili.com/video/BV1ge4y197Tv
faaf7692d51544ee93c5153f262d8947,https://www.bilibili.com/video/BV1RA411F7yb
fb3a51bca54d492cad515c341fce3f83,https://www.bilibili.com/video/BV1BF411P7zf
3a3c0a4b43c245aebb933876ccc45b3d,https://www.bilibili.com/video/BV1D3411Y7Ht
3013cf119f154a91af52f4df3bf156f5,https://www.bilibili.com/video/BV19T4y1M7Hc
2cffa47092144f62a27069bdddea076c,https://www.bilibili.com/video/BV15P411P7n7
d0a7d7cf8ed04166a0fffec37c44a273,https://www.bilibili.com/video/BV1sN4y1N7kY
4e743c3cdad34377a6e51c3cdc7c178c,https://www.bilibili.com/video/BV1Z441157VF
915c35390fe64891a3bb9d0cbfb8db2e,https://www.bilibili.com/video/BV1ta411x7rA
e23d1984f745421e99c224b8317dfa0b,https://www.bilibili.com/video/BV1EB4y1x7Kc
9576611539e84b4b93e3be613795e1e3,https://www.bilibili.com/video/BV1mq4y197Ge
22e4728217894a45b85de570a00bd548,https://www.bilibili.com/video/BV1WQ4y1i7NH
79328bc79c3146dab64b2c063e0f5c44,https://www.bilibili.com/video/BV15Y4y1w79K
19e6a7a5fa4e42c9afd43d8b3fd4a8bb,https://www.bilibili.com/video/BV1Lq4y1r7hZ
9495a23d09734dd0b3585d5a591f33e0,https://www.bilibili.com/video/BV1pb411w7gq
7b7996b165a5404fa296fd276a384f3b,https://www.bilibili.com/video/BV1pf4y177R6
ee668e1b6a5741228793c270ff4d4903,https://www.bilibili.com/video/BV1rq4y1u7DQ
69bd7110b32b4af2acefe0ca25d74bf7,https://www.bilibili.com/video/BV1k3411z79a
9baa2e6c97a74e08b3b0f198dab4695c,https://www.bilibili.com/video/BV1QZ4y1X7vz
1e7a8461ff5646a8b00f8033f9016d3c,https://www.bilibili.com/video/BV1wL4y1n7Le
6fd438e4ef194856a4af2c7e264607b8,https://www.bilibili.com/video/BV1JZ4y1W71d
96707664b8d846bf906f69e17c3687dd,https://www.bilibili.com/video/BV1fB4y197Tb
8584799cd5b8436d873797dafc7e1812,https://www.bilibili.com/video/BV1gE41157qs
c3feb296ad22441fb675c3a69d9c04c0,https://www.bilibili.com/video/BV1hS4y1Z77N
fdfc4ffce9824c758521770fedb557e4,https://www.bilibili.com/video/BV1iY4y1i7sk
f26eeda72d5d4a8286950c4c52768c6b,https://www.bilibili.com/bangumi/play/ep668642
f72f77761a7f4e349580c6a7aee73c32,https://www.bilibili.com/video/BV1v7411V77k
a3689f5d812f4c8cb7448838e6916e16,https://www.bilibili.com/video/BV1cR4y1t77m
c3dc19c31f8f49b0b17aa8949aed2de2,https://www.bilibili.com/video/BV153411x77L
2edd9243e9ae4551b1d166d6494417c8,https://www.bilibili.com/video/BV1gD4y1172N
a9d6c6b0c92d4242b25afd7db330b62a,https://www.bilibili.com/video/BV1sg411C7Hw
e16261cc6b884def87ef238eea9e6e35,https://www.bilibili.com/video/BV1mq4y1u7Wd
0e2d914f7e3d4978b846541a5364d199,https://www.bilibili.com/video/BV1kT4y1F7Ri
fc2771382bb441f281b7c43b949ef268,https://www.bilibili.com/video/BV1oi4y1y7N3
4bf7c1ec7d8f454d830b179259bbb8a3,https://www.bilibili.com/video/BV1iK411D7Et
3fabb7c03c3e49d1ae72149e70894adf,https://www.bilibili.com/video/BV1eE411J7WQ
e9732d490fe2481cbfd883a17efd50e3,https://www.bilibili.com/video/BV1kt411G7fs
48bd2f7ad9244527ab63f4ae6007564e,https://www.bilibili.com/video/BV17t4y1U7XG
3300a226a085409f8f5e18c6c928d0cb,https://www.bilibili.com/video/BV1PD4y197qT
b55edae5990e4e6a83f46a4e5087db2f,https://www.bilibili.com/video/BV14Q4y1D7BR
0e68ed468edf42f2a5d44097e14bcc50,https://www.bilibili.com/video/BV1GB4y117V5
d03df1331b2d4b04993c14886ed654c4,https://www.bilibili.com/video/BV1GA411g7tZ
0927452d880549f2adff2f121a1cc17e,https://www.bilibili.com/video/BV1VP4y1o7Js
e09819731b024a8f8abd497d63faf24c,https://www.bilibili.com/video/BV13T4y1C75v
26af7bb296324e19abfd76eb85ec6ffa,https://www.bilibili.com/video/BV1MP4y1o7Yc
f5f99d75ad11499ea8b2ae10d1db94c9,https://www.bilibili.com/video/BV1pQ4y1T7BL
0a13edca8fba46adaaf6c59eb3a81174,https://www.bilibili.com/video/BV1ba411k7D1
bd71a78b3c2e48998f4b068fe9033198,https://www.bilibili.com/video/BV1xx411F7Pe
82548db750c64eb082bf8d072ac89a33,https://www.bilibili.com/video/BV1UT4y1w7PA
9728618035ff4988894d43bcc65d4696,https://www.bilibili.com/video/BV1Ht4y1F7BJ
3316659bbed145a9b2bf7cf1d3251581,https://www.bilibili.com/video/BV1Qa411z7ke
b145260a74f7477c9e0199e0b5efc4fd,https://www.bilibili.com/video/BV1KR4y1N7az
9a5801cee36442489dc93640bfb819f2,https://www.bilibili.com/video/BV1eF411t7Er
db4317d35d9341508b2608f7674bc323,https://www.bilibili.com/video/BV1AF411B7vu
c76ec87d22fe4d5881d1ae69fd164da4,https://www.bilibili.com/video/BV1Wr4y1X716
610b12a8dce8421ea909599f349bdefd,https://www.bilibili.com/video/BV1GQ4y127Ga
26a6f0723a30472ca5c47d3cf7bb14a1,https://www.bilibili.com/video/BV13Y4y1w7h8
f0ae4aff22fc4397b67c8cfd0c0c964c,https://www.bilibili.com/video/BV1wE411t7iw
f1184d1df6db429e8c8dc236c6fc53b0,https://www.bilibili.com/video/BV1a14y157N8
1c918b77136c4f16ac475d99834ee985,https://www.bilibili.com/video/BV1Q4411L7Cx
164cbb072046475ba8dee94c7e3ef47d,https://www.bilibili.com/video/BV1nU4y197sq
47bb0d0f0f8041dfb99054ff175e721d,https://www.bilibili.com/video/BV1n44y1i7BR
fee6e536292d43a1ae1f4f5602727e87,https://www.bilibili.com/video/BV1rf4y1G7hj
d6451ece474e440ea8513ca7c80e565f,https://www.bilibili.com/video/BV1Ub41157Vg
1dc3b7ac536e4bd79070daedf9723f14,https://www.bilibili.com/bangumi/play/ep423514
3ef1ba5009a54392a98f4970e53fa668,https://www.bilibili.com/video/BV1xY411K7bo
fb8eea1d62054fe3b7e1802a7ef30ea5,https://www.bilibili.com/video/BV18m4y1o7CJ
becc2cb521f241109a5d97e5f009cc86,https://www.bilibili.com/video/BV1kv411z74Q
ac2eeda875a94ac1b941d7283e13e632,https://www.bilibili.com/video/BV18P4y177iU
8f27ad2764184749a0c21dfa4e364043,https://www.bilibili.com/video/BV1eZ4y1G7s3
61822b74b2f04fa48174110ac241f923,https://www.bilibili.com/video/BV1Px411r7jY
3efc62d802f944d7bcdc383cc225f1f4,https://www.bilibili.com/video/BV1FF411e7qJ
4bc3b77124394c8f9de27e5f8b41cfde,https://www.bilibili.com/video/BV1ZT4y1Z7kU
ac53ebee9ede4f0ab3a3cdbcfeb70f3f,https://www.bilibili.com/video/BV1Ad4y1A7U5
8b047216814d43569ac603ad1209fc27,https://www.bilibili.com/video/BV13s411M7aV
140c852a96db435abcdc002d208542a7,https://www.bilibili.com/video/BV1f54y1673p
027fd93c27f64dbfabc3babfb153cfcd,https://www.bilibili.com/video/BV19t4y137CD
42f7819de22842d29174cfb73e987d35,https://www.bilibili.com/video/BV1yA411s7m3
27b040693aad423c98b3213014a614ce,https://www.bilibili.com/video/BV1hv411h7hJ
255a9319f457497aa1d8558aaedf5bd1,https://www.bilibili.com/video/BV1TZ4y1C7Kp
f263c984d0d449ad95f13b91004790cc,https://www.bilibili.com/video/BV1KL41137Yk
66ec56fd1ce9494396a7497ea4032c5c,https://www.bilibili.com/video/BV1Fq4y1v7RJ
a8f64e0517ac40f68b820a82b643f098,https://www.bilibili.com/video/BV1km4y1o7wp
d66026b1324f4a979f77598e693beb5f,https://www.bilibili.com/video/BV1Ma41127G8
09006d3a3eba44d4a200174a4ef991b4,https://www.bilibili.com/video/BV1d64y1S7z5
2b175feea867430f9393e2f341764527,https://www.bilibili.com/video/BV1Et4y1h7Va
dbfe8e1406444855bf76cedbb31c6b4f,https://www.bilibili.com/video/BV1eQ4y1S7KR
e3821c7a22af4a2abecfa85c243d84b9,https://www.bilibili.com/video/BV1iF411Y7CB
e730738561c846ebb487b68b7ae07e42,https://www.bilibili.com/video/BV1jP4y1b7e3
44e880fca09248598e9086880982fa08,https://www.bilibili.com/video/BV1cr4y1z7X6
9c48a49e70ac4ed98f599fd7e96d51b8,https://www.bilibili.com/video/BV14K4y1d76C
b14cfda2f6984beba309c83d496e45a2,https://www.bilibili.com/video/BV1Xv411u7uQ
a27f48bb280845268a3a63f14ac580ec,https://www.bilibili.com/video/BV14W411q7xa
159218f721b745b8b1bd1610f5622dad,https://www.bilibili.com/video/BV1ed4y1w74z
fc270ebbcf1b4592899492e967d972ae,https://www.bilibili.com/video/BV1tM4y1u7ws
a320c0b2952b4c19859373803d6eac8a,https://www.bilibili.com/video/BV1Rt4y1r7UB
88bba0dfcb134dfe8def1e71bb4304a6,https://www.bilibili.com/video/BV1BT4y1c7KK
ad662f4912c54f848038b74e0c237d01,https://www.bilibili.com/video/BV1Nv411v7M8
a0086a5131b44dddb655391d01af1e4e,https://www.bilibili.com/video/BV1ak4y1B7KM
2a4a18a609794c6da16800fb80838bfd,https://www.bilibili.com/video/BV1uq4y1m7v3
1dbc801ce78942379499387980e68744,https://www.bilibili.com/video/BV1nQ4y1v7WT
b63b8e472be4494dba03dd4ef736ac38,https://www.bilibili.com/video/BV1CU4y1t7gR
c17eacfc9f114d608f72ad100282798f,https://www.bilibili.com/video/BV1h34y1y7nr
d6c8675e9a27467fb6efe39846b60c85,https://www.bilibili.com/video/BV1x7411M7iE
fd5976ac2b6d417f871b5cb38c34889a,https://www.bilibili.com/video/BV1nP411N7bY
8ca3a5ee00fb4b189c20b5a4146de9cf,https://www.bilibili.com/video/BV1Pi4y1Q7Jm
d014842f4dae4c23b0c97e210079e7c1,https://www.bilibili.com/video/BV1RK411S7sC
b5b8e36c22214f72818005ee462d055c,https://www.bilibili.com/video/BV1cG41147Jf
8fe78a16fe37459585feb2f7d246cd94,https://www.bilibili.com/video/BV1nY411t7gX
61dbdf9adf9c42bdbfef0c1d09ae9bcf,https://www.bilibili.com/video/BV1V54y1d7EK
e6e9cb4bb7354ccc87e8b6ad4d5b39c9,https://www.bilibili.com/video/BV12W411C74m
c524c21ab8a84d04b3c0ac0f76e9d08f,https://www.bilibili.com/video/BV1g44y1W7oh
b113832812f847e2824416ee39212b8a,https://www.bilibili.com/video/BV1V741137os
12ff5a326edb45ca86f77e090ca3cf9d,https://www.bilibili.com/video/BV11t411v7SA
f4b262ba6f4e4e8bb422cbac8db5a3b1,https://www.bilibili.com/video/BV1CU4y1b7en
500db87cfec845a3baee9d9412c37fd1,https://www.bilibili.com/video/BV1fW4y167kR
5d863d7ea2ef4ffa8ced37bb785bdf91,https://www.bilibili.com/video/BV1wb4y16751
8233b94831b541c9a55bda89f6c590f3,https://www.bilibili.com/video/BV12K4y187dy
23c2d90a1ba948d0bf451413b6d3dd2d,https://www.bilibili.com/video/BV1hR4y1t7Ro
ff6e0b5f258c4c23aff91201fbd11a70,https://www.bilibili.com/video/BV1LL411c7b5
d1e1ee32e08c40ebbfc46d35b55850ba,https://www.bilibili.com/video/BV1aR4y1s7dy
ddb3b9fb9c674bfe8f60a3565915efa7,https://www.bilibili.com/video/BV1aS4y1e7M5
e5aae0dac80e45159b2b911325d6a67c,https://www.bilibili.com/video/BV14W4y1E7Ci
f56d3f4e767e4256a4674ec14a10fc5f,https://www.bilibili.com/video/BV1wF411Y7go
ff07ec4c0c4f459e934f99117e2d6e3c,https://www.bilibili.com/video/BV1T84y1c74R
30dae95bd140426c89c9e65ffc5d4918,https://www.bilibili.com/video/BV1d3411b7JW
5aa66176838c4798b95de9207a76cf2f,https://www.bilibili.com/video/BV1gm4y1A7WC
1ff23e8595924a95b0cc3595fd7a427e,https://www.bilibili.com/video/BV1gW411o741
12d4364fe43646caa6bd8f7e1533cd76,https://www.bilibili.com/video/BV1u8411t7nH
e63611a9e93949f7b2a2e71897a4f7ba,https://www.bilibili.com/video/BV1BS4y127Qc
ff9524d4b61d41ccb0a8c834cf169075,https://www.bilibili.com/video/BV1y5411s7xL
d1c66eff57b540e6a568e0fe0980eebf,https://www.bilibili.com/video/BV14K4y1p7Zx
9fd03945512247b3940bec3cbfd9c23c,https://www.bilibili.com/video/BV1Zo4y1f7TV
d3ea058862fe4375970798c0383afd9e,https://www.bilibili.com/video/BV1cN4y1L7i5
d942c80a34fb4b339cf36a78c8ad1d4c,https://www.bilibili.com/video/BV1PU4y1H7k2
a3bc3bf470c44012ad4f5f9f8f3efe9b,https://www.bilibili.com/video/BV1hh411y7Qa
28e97fd25ee84d14a300014edb83456c,https://www.bilibili.com/video/BV1Mf4y1T76f
b0ff5ba94ff74cf3b3d00258a3c6d6a5,https://www.bilibili.com/video/BV1Kq4y1r7rx
db83d3059f1f4453a5d169b49896dcce,https://www.bilibili.com/video/BV1kY4y167Uj
a3ea4dcc2c8541a596a5258f69e8cd33,https://www.bilibili.com/video/BV1ea411b7mk
66741ef743c44af08d6c9c44595420cc,https://www.bilibili.com/bangumi/play/ep424605
100901129ea64e2eb6cffacd9be24e95,https://www.bilibili.com/video/BV1oJ41197kE
ba50db790714452daed1b593a4a15e80,https://www.bilibili.com/video/BV1GV4y1x7nV
b9b8e2295fe64991be6064ad5a5c8a9e,https://www.bilibili.com/bangumi/play/ep625692
c3b5a6d3c95549249445d30b308f441f,https://www.bilibili.com/video/BV19r4y1C7tM
b5200f059e204a808d0796e9ec47a164,https://www.bilibili.com/video/BV1XR4y177wa
01e1f1b49468470ea01e608e4dd267dd,https://www.bilibili.com/video/BV1kB4y1p7pt
e2049e93d1a64e70ad9e754430ac1ef0,https://www.bilibili.com/video/BV1Vb411u7vt
e74214d410a94fe9a7339281a9d6ebae,https://www.bilibili.com/video/BV1M3411w7H2
7386624aca5a4f73b5982344cf50e579,https://www.bilibili.com/video/BV1xL4y1h7Ak
d6c46bc81bf64543b9ba64f818caf320,https://www.bilibili.com/video/BV1Yt4y1g7Qm
3769b86a09b2416a8624ac3976ae4abc,https://www.bilibili.com/video/BV145411G7KA
9783301eb24e442fa2019e5c4faa626d,https://www.bilibili.com/video/BV1iZ4y1f71z
67c2fb0df9ae44bca2b15049e5850160,https://www.bilibili.com/video/BV1r7411J7ty
d594873868f74d1085831c6ff379be3f,https://www.bilibili.com/video/BV1se4y1r77Q
ff6cd523405a427fab89734e2fcece95,https://www.bilibili.com/video/BV1CW411T7zA
478e185517934ca7936082bda8acb118,https://www.bilibili.com/video/BV1jV411478N
a0826532f85f4e43a7387664efdb3fa3,https://www.bilibili.com/video/BV1dY411K7vc
dc70c59fd04f454e87e1b3ec801d1a4d,https://www.bilibili.com/video/BV1rZ4y1o7gE
6b2c4cd3db784ac0bfd2afab9742f95d,https://www.bilibili.com/video/BV14m4y1F7ug
dbf8d336552c4fe0943f30f6d8abcf3f,https://www.bilibili.com/video/BV1jj411f7Ci
0fa562b85c0f46d1b38531aac0fb2522,https://www.bilibili.com/video/BV1BJ411A7tp
35faaeeda2044db58f478e0184015374,https://www.bilibili.com/video/BV1x34y1D7Wc
1cd5d50a018642ad8b95930c67b38cb4,https://www.bilibili.com/video/BV1M5411Y72L
b53771564d0a40c492d2522524901a9b,https://www.bilibili.com/video/BV1Ri4y1f7gJ
83749aaa27d0463b8ba122c07cdacbb6,https://www.bilibili.com/video/BV1KY4y187a9
0538de63773f442e95ec477533d16622,https://www.bilibili.com/video/BV16f4y1b7Ej
4cf87fe24dae42fc8f2cb43cb19dd3f9,https://www.bilibili.com/video/BV1VL411N7C3
07277cb951f14784b906ada8267ab865,https://www.bilibili.com/video/BV15T411K7Mf
178b9b2476c348cebbe7277b40f62b81,https://www.bilibili.com/video/BV1fV41187Fs
a9f66a88fa35488481e9047a7261f2a9,https://www.bilibili.com/video/BV1fR4y1L7G7
be14615d9acb4c98ad2a34318124d1cc,https://www.bilibili.com/video/BV1T44y1y7yM
0e0f3a821ae14350bb5c790fd287a20e,https://www.bilibili.com/video/BV1G64y1q7XL
c31ef2dfdb504047b84ea00fb027cdaf,https://www.bilibili.com/video/BV1aW411A7wL
ff83b097dc814017ac65412ea8f5b4b0,https://www.bilibili.com/video/BV16v4y1T7wL
138dbaabd47f476388fc003c2c32ade8,https://www.bilibili.com/video/BV1WS4y1G7Dn
cccb39ade56a443d9f04901f96d10cd7,https://www.bilibili.com/video/BV1LT411K7gL
565ad0564127446883c29bca2001ea22,https://www.bilibili.com/video/BV1Lr4y1x7K6
2e5806c2442344a989d29f0cb6a75d28,https://www.bilibili.com/video/BV1ht411X7c5
bf95635d1b1040b88e1484585300588a,https://www.bilibili.com/video/BV19U4y1Q7XE
99cae9c58b1445ad9eff0e731d9d2b26,https://www.bilibili.com/video/BV1ft411N79V
ffb8cf62e2a34a238596b62596a5ab64,https://www.bilibili.com/video/BV1tZ4y1v7Z2
f2b78a749f634f2b92c77c7583c286c1,https://www.bilibili.com/video/BV1fL411w7Vf
21cdc2be38e94774a4fe667ae3ce1c3f,https://www.bilibili.com/video/BV15r4y157gN
fe8b59254ba94686973f27b39369e437,https://www.bilibili.com/video/BV1C44y1Y7y6
6ad73b1a7df7463293ff55984f5d93e3,https://www.bilibili.com/video/BV16b41157cm
4e4d21a9b2804573a63896c4e90553b7,https://www.bilibili.com/video/BV1Hq4y1G7oR
b652033f162c4f8a97f1d130dabd08ef,https://www.bilibili.com/video/BV1ZW4y1n7dW
e147084912ec43d1a14b5614c6ebc58b,https://www.bilibili.com/video/BV1kV4y1s7Bx
0933c1e66aa84489ad6fdcd4ba6162b9,https://www.bilibili.com/video/BV1Tr4y1D7MT
0e3c6200601f4084a198ff8163063cfb,https://www.bilibili.com/video/BV1YF411A7PG
aa08f38e18724bc18d2d8fd10f43c095,https://www.bilibili.com/video/BV11G411L77m
b887127cdf53495ca460f0e6956d1383,https://www.bilibili.com/video/BV1xt4y147r7
074e5f4e85df4eb9b3727998c4a0bd44,https://www.bilibili.com/video/BV12f4y1y7pN
da43fb5f581b4bfab8a2d08b15a4fdd9,https://www.bilibili.com/video/BV1cJ41167W1
26eb738e5675472dbe04a291a2ed34ab,https://www.bilibili.com/video/BV1f54y1J7vm
5ac929614c754e59866544c5ac721d61,https://www.bilibili.com/video/BV1dW4y1r7ya
720c7a5fef3a46318ce098d4f7cc2bc6,https://www.bilibili.com/video/BV1ur4y147r5
2aafd5fcd0d34db19e68b5b8d4f20de1,https://www.bilibili.com/video/BV1At4y1U7d5
f9156f33a04e4d89ac1c11ebe3de8878,https://www.bilibili.com/video/BV1bB4y1J7pw
0636824fdfd845f4947e73431c13da1c,https://www.bilibili.com/video/BV1cZ4y1w73x
9fcc59aaa2624e0e96b58c17b2202cee,https://www.bilibili.com/video/BV1Bb4y1t7SR
3a20d4f8e3fb426480fb6bcaa32e48f8,https://www.bilibili.com/video/BV1UU4y1M7ur
b4c123034ff241cf97ed457a0b03eb30,https://www.bilibili.com/video/BV1B5411p7Ah
e4b2447a734147a3a510e5320922705f,https://www.bilibili.com/video/BV18q4y1F7KN
5beaca1acbde44bd908e239a34004b53,https://www.bilibili.com/video/BV1uY41187iS
91910f925ac04bb98741db305b6dfbfc,https://www.bilibili.com/video/BV1z54y177sR
657b536845894a53aa98630952a708df,https://www.bilibili.com/video/BV1ug411y7fb
4ea756e9523f4e1ea06534eaaa2f79e7,https://www.bilibili.com/video/BV1Y4411r7gp
1dc50e20a91247f28877dce4b98abd7e,https://www.bilibili.com/video/BV12F411A7Yq
41ac8333b983445a8709cad086f70044,https://www.bilibili.com/video/BV1m34y1D7U9
eff2a2d0c3f2408e9c9d75b3e4757283,https://www.bilibili.com/video/BV1sQ4y1f7YA
fc09a41cfdc04d69b1872919e54d2bc6,https://www.bilibili.com/video/BV1jh41147mg
d442a9f692194dcba3d79d6ac5c43499,https://www.bilibili.com/video/BV1sT4y1v7mv
72f78698a35f4dc18c2d6f78e6469a8f,https://www.bilibili.com/video/BV1GV411s7i9
9adaaf0d2b0d47b58a91b2c280a83134,https://www.bilibili.com/video/BV1st411C74m
18e614cddb5b4e8587d748df18ecd072,https://www.bilibili.com/video/BV1eU4y1f74K
7311c99a4d474b09a35136df00b45cca,https://www.bilibili.com/video/BV1pe411T7xZ
fd97ba1935f041389cf357a84543b3f6,https://www.bilibili.com/video/BV1aK4y1S7nR
fa33262906514496a22f0600a1896d2f,https://www.bilibili.com/video/BV1WZ4y1x7PV
06b5df33c57e4a1083267364258cdc07,https://www.bilibili.com/video/BV1ht4y1X7mz
9072700f1f4a477c99661837d9d4ce83,https://www.bilibili.com/video/BV1it411T7Wx
998650dfb55d4fe2b89b2655ef23ebee,https://www.bilibili.com/video/BV1ny4y1k7Mk
8289adc48f0845029df658a701c5723f,https://www.bilibili.com/video/BV1CZ4y1P7ej
32c9832b34d745caa29b5c271ea20e5b,https://www.bilibili.com/video/BV1Vt411T7Ff
dd2e8e0b1f754e8096296143a4e23268,https://www.bilibili.com/video/BV1EZ4y1m7yM
8cadcce7f47846f08a9a0f397422c989,https://www.bilibili.com/video/BV19k4y1k7B3
9369dcf17b31461c9d371953413b0b85,https://www.bilibili.com/video/BV12E411M7Xt
398f702c14e641f4b5b39360aead3e34,https://www.bilibili.com/video/BV1yS4y1R78y
20b62812699045e0b5eb277d86526dee,https://www.bilibili.com/video/BV1vW4y1J7Fe
ee1accd6de4543f7855547c88cbf46b8,https://www.bilibili.com/video/BV1JD4y1S7WR
bbdb1f0a6b0447cf8691fd327bbdd768,https://www.bilibili.com/video/BV1HV411s7F2
12dd2e0c421f49d1bf50cf129eb5ce97,https://www.bilibili.com/video/BV1QV411s7B3
d48c246e001647bd82a4418feaf0ec35,https://www.bilibili.com/video/BV1eq4y1N7A8
0720e038cd5f4f8eb116951ed2adf516,https://www.bilibili.com/video/BV1ux411P7Ni
b9e485198090457e86b4567190c12fb2,https://www.bilibili.com/video/BV1Sq4y1D7w1
e1e47b7644b047339f5aa59000981cd8,https://www.bilibili.com/video/BV1ht411S7Yc
42cb1334b9b64ab088bcd914aa6df29f,https://www.bilibili.com/video/BV1Ht4y1x7uV
f649e701ceed44d5a3bb2ad376c08d39,https://www.bilibili.com/video/BV1yG411b7FP
3e6d532db9f440b39f543b4f2e9eb779,https://www.bilibili.com/video/BV1Lb4y1h7pX
e7e5809a9aae4cbe92efd59cf97389b9,https://www.bilibili.com/video/BV1Tt411M7WR
9b64266b86594fc79ac61ebffa9601d3,https://www.bilibili.com/video/BV1Lq4y1N7kA
6b8382f7e1fa45d7a0f5d5b7a70ce5a7,https://www.bilibili.com/video/BV12L411P7zt
a76b28f8cd734729a752dc4d428735ae,https://www.bilibili.com/video/BV1Mh411Z7nM
993602bc58d8404c82861bf02a115ea2,https://www.bilibili.com/video/BV1px411p7HU
e2378d23a7fc4726860494a7d21a2ba7,https://www.bilibili.com/video/BV1sf4y1G7J9
654db1c00a97465791fd17121a931588,https://www.bilibili.com/video/BV1VX4y1K7KU
e6412fd88a19421f8d63b40ff923d8c2,https://www.bilibili.com/video/BV1VW41177Vt
09d41a7fb4f0450b931815025b2924b6,https://www.bilibili.com/video/BV1Gq4y1W71Y
f52f93a6ac2e4e528daada3a79a27b6c,https://www.bilibili.com/video/BV1UR4y1p7Kv
7dc361ffd7194f788be24381817b5463,https://www.bilibili.com/video/BV1V7411o7YK
c1c2b06543094f959b7e1bec4640dcb0,https://www.bilibili.com/video/BV16p4y1t7QS
bfb69a52d3c44412a21fd12398e730ab,https://www.bilibili.com/video/BV1Y34y1W7Mb
a69ea11bda894ea38a81c9efc27aff71,https://www.bilibili.com/video/BV1zA4y1Z7Qi
1d71377dfab54474b8f394b260ef0637,https://www.bilibili.com/video/BV1Ps411r7Js
43a52eb4f6c94868a49b4f42a13d68a2,https://www.bilibili.com/video/BV1d5411Z7hq
75e88a5bee944d3184abe1a7462810a4,https://www.bilibili.com/video/BV18e4y1D7MX
0d2091e2d1be472091793b4386542595,https://www.bilibili.com/video/BV1CK4y157mE
987239ca76a040c8a1d33a2c06672d6f,https://www.bilibili.com/video/BV1jW411L7Uc
40a5d6d591344a5a8efd42d1fd94654a,https://www.bilibili.com/video/BV1rZ4y117qt
dc3dfc598fdd4d54bfce844a28a01ff9,https://www.bilibili.com/video/BV17P4y1f7pu
a091c66f8ddb4194bab73198be589417,https://www.bilibili.com/video/BV124411S7Us
1d8b990f56cc461d8a84ba2e4b041f38,https://www.bilibili.com/video/BV12r4y1z79q
ededb03782ad4dcd8d2fa9391c52f6ca,https://www.bilibili.com/video/BV1FS4y1W7q5
d3531ceb66074b488e10b59ef25fcbd7,https://www.bilibili.com/video/BV1Gu41117da
54708869a45a4895bf4b08a7fbb3b531,https://www.bilibili.com/video/BV1Mr4y127ew
6aad29bc72f7457fbc1ce25a54027f8b,https://www.bilibili.com/video/BV1wx411Q735
9660a564a7df4b09b5b4e11180f9d6b9,https://www.bilibili.com/video/BV1Yt411u7fx
facfab01515b4dd0901b6b3b4ee09d91,https://www.bilibili.com/video/BV1o341147AR
dc73b073a34346faad4e019013cd4214,https://www.bilibili.com/video/BV1h54y1a74J
cdb8a4ef8967483fb3161f91d356d25e,https://www.bilibili.com/video/BV1tY4y1g7mg
a1b2b9c3e09a4c7db5b16b561b9cf651,https://www.bilibili.com/video/BV1Cy4y1q75E
18279cb9eb1a4e68942aaa56f51cbe07,https://www.bilibili.com/video/BV1rs411o7dW
e63ef60b87b648c4948817db596c7587,https://www.bilibili.com/video/BV1xf4y147oK
0cc444838cfa40ea81f95a4773fcddfb,https://www.bilibili.com/video/BV1i5411b7KR
553164ca3ddb41b5a2646475c17f375c,https://www.bilibili.com/video/BV1rr4y1y7z2
6554fc16c9104a509705c0b238145a52,https://www.bilibili.com/video/BV1vT411T7SJ
7fb47f873ddc4f47a420326539f3484c,https://www.bilibili.com/video/BV1Yo4y1S7dc
35e740390110472cbee3681663c504e3,https://www.bilibili.com/video/BV1bR4y1N79d
6f901231534a4d5d9f69dde7e9d48cd3,https://www.bilibili.com/video/BV1ba4y1E7jW
558240b36bd049538843448d04706270,https://www.bilibili.com/video/BV1hq4y1X78g
71b538d1616a468fa06c342a0fa91184,https://www.bilibili.com/video/BV1SS4y1R7uK
30ea0322b56042e2aeb9df0b53734cfc,https://www.bilibili.com/video/BV1yy4y157Dr
ebbe4180be68424aaaa3dd713bf6ce5b,https://www.bilibili.com/video/BV1eP4y1u7Xj
5682c299dcdf4f2c978d44d75cdc2e7f,https://www.bilibili.com/video/BV1eq4y147EN
6b2466459851441dbae223cd79d34af3,https://www.bilibili.com/video/BV1Sq4y167Ft
7f5e78e2cccb49f6b2eae54de3fec680,https://www.bilibili.com/video/BV1wr4y1b7zX
dab39086e3814b4caf751fd4eefb2540,https://www.bilibili.com/video/BV1k541157PN
6c25ccfd8a334e95b734349d34105762,https://www.bilibili.com/video/BV16A411Y7QH
2bcb7e6b84904d41b12c3c747de703f7,https://www.bilibili.com/video/BV1op4y1b78f
c9b39737ad2544d8aaed67832c3172cc,https://www.bilibili.com/video/BV1164y1B77r
002109cc015c4920a6f71ecf29aa607c,https://www.bilibili.com/video/BV1NG4y1v7ko
094d8a43d9cc4d44bfadd9be70d67726,https://www.bilibili.com/video/BV1UU4y1D7dn
40b1fc3ab3094453ae8e0fdf53473111,https://www.bilibili.com/video/BV17Z4y1p73K
88eed6529c274139a1254ab11a4c5db3,https://www.bilibili.com/video/BV1i44y1B7Ls
0bacddbb80cb4e8c9ee22f783772b1e2,https://www.bilibili.com/video/BV1T64y1s7rJ
0a503f5cfb9048acad21b76eafd75f8b,https://www.bilibili.com/video/BV13r4y1N73N
f3f651146b2b44289500ea53396b3eea,https://www.bilibili.com/video/BV16f4y1m7dn
c8127fd81abb4df8b69e129f2f6d22f9,https://www.bilibili.com/video/BV1H54y1e73d
551c93e41822473899d7f0ead04f5bc7,https://www.bilibili.com/video/BV1MQ4y1S7us
2daa8e5de85c4c44a2bd574b608ac776,https://www.bilibili.com/video/BV1wF411e7Ce
2ee64961b7c449aaab3e4278639f3287,https://www.bilibili.com/video/BV12W4y1r7yJ
60a25e54428d4706a6dd0b42c8486a9e,https://www.bilibili.com/video/BV1SB4y1c7q7
197278430d6844ff9c94a1d071665d4e,https://www.bilibili.com/video/BV1f44y1C7Y6
583f5782e0ca4edd87147c00506164c2,https://www.bilibili.com/video/BV1LQ4y1P7gY
bdf2eb37007242a5b6001b465ea2e576,https://www.bilibili.com/video/BV1TL4y1G7W3
680d273f34b94b5192eac43abf427e16,https://www.bilibili.com/video/BV19B4y1e7ah
61adb01661b44ef3a9165d2f24ca53c9,https://www.bilibili.com/video/BV1nx411d7wX
5690745f75314d2a85d413589b068c1b,https://www.bilibili.com/video/BV1xa411f7nS
d8db12fa61894b0884d0e1bda8f82b4a,https://www.bilibili.com/video/BV1ib4y1r7YH
379bc61096d545c3bed1ecab990b11be,https://www.bilibili.com/video/BV1GG411n7Se
45f9fd73574a4a309d911a4ac8784637,https://www.bilibili.com/video/BV1WQ4y1y7uM
2df66531391341e79176b1affc74cfba,https://www.bilibili.com/video/BV1kZ4y1k7kz
8e1b21c74ab24e05975fbb4782997ab5,https://www.bilibili.com/video/BV1Ds41147JW
a3d2d9f6a9494652a56ce3b93c443410,https://www.bilibili.com/video/BV1af4y1n79p
c44cc9248fa14876a7cafc1120c58a19,https://www.bilibili.com/video/BV1aX4y1u7gh
2b515ab076314722bb8c991760793757,https://www.bilibili.com/video/BV1s14y1h7EA
a9d7e95ad5a145429a9a940f2e13f524,https://www.bilibili.com/video/BV1Qz4y1f7a2
8ab8c4fcd4024288a9fd9edb6bbd41a8,https://www.bilibili.com/video/BV1Ag411c73u
e4dc6d7f22ed40cfb7d8656244fe8d7e,https://www.bilibili.com/video/BV1jL4y1b791
fa6848320aa94f20a772fd86cb9f960f,https://www.bilibili.com/video/BV1mB4y1U7gc
1360e50c4e904eaab165e5ee55555a42,https://www.bilibili.com/video/BV1CF411p7Zc
37b030df8dfb4005a7dd6f8cf2936417,https://www.bilibili.com/video/BV18W411A7FK
fbb47aa5844b4ff5a1ecb477f680bcd0,https://www.bilibili.com/video/BV1Ur4y1A7xq
e44fa34227c34574bb13989101d960d1,https://www.bilibili.com/video/BV1e34y1Z7XT
ebaa73084a2f46da8eaf8480001e67d9,https://www.bilibili.com/video/BV1vx411c7bj
6ad3b166a7964a68ae64cde1692b02d2,https://www.bilibili.com/video/BV1vo4y1f7Up
7d94a0263445439e935640f12ea53c45,https://www.bilibili.com/video/BV1Ah411b7vk
070eaf16724347d2b31b0278edf4c523,https://www.bilibili.com/video/BV1oS4y1f74K
51c76159583a44d8b9cb9dc91a154d24,https://www.bilibili.com/video/BV1wv411G7PT
7f84c2ae89834197ab8bbdb213dd0fc3,https://www.bilibili.com/video/BV1pB4y1x7NP
63ec9b60034f4ca581e77724ea376b61,https://www.bilibili.com/video/BV1hG411h7kg
39c474a0d9994f75b299e3177941e3da,https://www.bilibili.com/video/BV1yb4y1b7Yu
7c8fcb5b54d34a898a76ada79d077edf,https://www.bilibili.com/video/BV1Kh411b74B
d4a076b4ef95415d94309ae0d80d4e09,https://www.bilibili.com/video/BV1z64y1s7Ty
6efa7dda0d4244e88cad96d245c44e8b,https://www.bilibili.com/video/BV1Hs411Z7JA
0e7d751572234b3b846dda651145f894,https://www.bilibili.com/video/BV1cL41137fv
23536409859d41cfa5e974c910d86777,https://www.bilibili.com/video/BV1pa411o7bs
5d6e400d6ca84a32abf230c35df924e9,https://www.bilibili.com/video/BV1Wb4114759
878b5bd1bea04e4abc22d20f98ff3b5d,https://www.bilibili.com/video/BV1Gh411b7VR
13f133ab57aa418ab6d7df68993148e8,https://www.bilibili.com/video/BV1kD4y127Tb
32cd41144c0b40a99dc2339b2bb6e24b,https://www.bilibili.com/video/BV1Wx41167hT
4ab5d4650e104422b2c0f61e62974693,https://www.bilibili.com/video/BV1qY411L7tt
29858af9d1974a5d9dfad1026c083c08,https://www.bilibili.com/video/BV1WS4y197vM
e130457ed6f94b1ea02d6238087a5656,https://www.bilibili.com/video/BV16P411H78C
f3a386e9b4f94818b642d3be3574d01c,https://www.bilibili.com/video/BV1v34y1b7uY
2938cb757aff4ed3b27609e06d368591,https://www.bilibili.com/video/BV1Kx411m7nZ
eb0c80f2631f47539cc8f3c4fefec830,https://www.bilibili.com/video/BV1Ho4y1d7Ga
f45f9f9ea4594350973944daae8141b0,https://www.bilibili.com/video/BV1wB4y1J7ar
8993b2c2c7564aefb587ae0f26d9b706,https://www.bilibili.com/video/BV1p7411J7Yr
e2b7e4e2f4574e7c95bf37b2d651cebf,https://www.bilibili.com/video/BV1CS4y1c78s
e8a483ab84a740b59c5d253c7cc5bcc3,https://www.bilibili.com/video/BV1kt4y1n7Y9
f89db4bce2664537b57616495ad1f430,https://www.bilibili.com/video/BV18o4y1X7cS
7055050676394a71b1ba574091435f2e,https://www.bilibili.com/video/BV1La41167Hx
bfeb8754b9fd487b93bbde8a0ace3ad6,https://www.bilibili.com/video/BV1JR4y1W7PR
15af480d756d4e5f861438b3e74560fb,https://www.bilibili.com/video/BV1qG411E7GU
e9f6e133c55b467784a98321826b77c5,https://www.bilibili.com/video/BV1Dv41147N2
396d7a21b069496bb4d2d1c2759ae2b5,https://www.bilibili.com/video/BV1JZ4y1b71s
bb7278d35f6a4154ae21205dcb69305a,https://www.bilibili.com/video/BV1Ho4y1S72q
c2d2d747721a4bc99f48caadc92c27da,https://www.bilibili.com/bangumi/play/ep424605
41d624800c1a4953a335ca963c000c55,https://www.bilibili.com/video/BV1MG411L78U
cdd8233e13954c999c269b4588479107,https://www.bilibili.com/video/BV1ir4y1T7B5
91c468e00de44f1f93678b314cd33e59,https://www.bilibili.com/video/BV1R7411G7vJ
ee42c46aa8ee467ea19c2f90a905afe4,https://www.bilibili.com/video/BV12t4y1Y793
e2437efff2bf4b7090115b9321343bf4,https://www.bilibili.com/video/BV11q4y1G7UV
472629207657431a84c6fd254fe05b0e,https://www.bilibili.com/video/BV1Cg41177iH
7c77879b61cc44319cb5a7c9427415bb,https://www.bilibili.com/video/BV1M44y1k779
dfe7ec218f5548e195bae6a48b28c6cd,https://www.bilibili.com/video/BV1Jk4y1279W
d0824775367e4167851caae8a6b6adaf,https://www.bilibili.com/video/BV1vA411W7Sw
a0f55d7a2e944c6c9cead75abd01c2d4,https://www.bilibili.com/video/BV1vS4y167SQ
836a33e67d1d4ee392652febdd5cbf52,https://www.bilibili.com/video/BV19z4y1D7sa
88b22d6d82604a53808bb0318a7f0c97,https://www.bilibili.com/video/BV1Dt4y1T731
af34c9fa05134487adb6cdac66308067,https://www.bilibili.com/video/BV1Sr4y1A7G7
f4670cd8f3e34a6796b6b316c0abba7c,https://www.bilibili.com/video/BV1EL4y147jL
db8d560a19974cfda892f6d68ce50a20,https://www.bilibili.com/video/BV1tu411B78V
395713e6918f4c67b5d0ed4c2d6e1a7b,https://www.bilibili.com/video/BV1tR4y1j7nd
1030d5d64fb84e3a91064a6406a297b2,https://www.bilibili.com/video/BV1tG4y1a7WY
88a538afb41a4843bfecc69593e9014d,https://www.bilibili.com/video/BV1iW411C7Uy
9cbf05b987014cbbb2dded79618c8d9d,https://www.bilibili.com/video/BV1GV411t7AP
1b914a01e00247ee94e3c4721af99a5a,https://www.bilibili.com/video/BV16r4y1i78r
18b41dcaf4ff4819b3e94e2776c7c940,https://www.bilibili.com/video/BV1UU4y1A7Bd
49c9eff84414416ca59d3d6c3d824702,https://www.bilibili.com/video/BV1Do4y1U7zK
604cf5e6c64748eebf2bddf96032bfd6,https://www.bilibili.com/video/BV1cb4y1C7e4
f11b4ddfcc9342cdaed4b188d9ec1835,https://www.bilibili.com/video/BV1mL411P7Tv
dacbd1deb2264925881ac619f9dbdacd,https://www.bilibili.com/video/BV1Rt411o7so
fc454c37625a421489c6a2df7b7bac29,https://www.bilibili.com/video/BV1MU4y1X7f5
abf0dafbff414c14ae23ed91bbd31666,https://www.bilibili.com/video/BV1pK4y1s7zA
519262e3f55e4b6584751bd9cf89d48a,https://www.bilibili.com/video/BV13N4y1g7To
ec38f224e8234a2fb6567cbf089c9b64,https://www.bilibili.com/video/BV1hu411v7sR
fc7fd346e521427a9b928d2d28db9d46,https://www.bilibili.com/video/BV1KB4y1W7Bf
87e5d9dd176d423bafd7ddf505b7f5b6,https://www.bilibili.com/video/BV1hi4y1f7bc
c0c6dcbbef414f0f9dc6285c60332ce9,https://www.bilibili.com/video/BV18s41137Nb
87133c5723914ace9083b1442caae170,https://www.bilibili.com/video/BV1jx41157hx
a4f2e524f8314d9a984ac39086dfa8d4,https://www.bilibili.com/video/BV1HW411Z7es
baf9a5c8d74e417eb54ea9ce506304e7,https://www.bilibili.com/video/BV1DU4y1U7mx
29ec085570d34041846f07c8233ba7bf,https://www.bilibili.com/video/BV1Go4y1S7Vr
00b5bce94d75429e80159106ebb1bb96,https://www.bilibili.com/video/BV1ry4y187kb
a15e5f597a1746599c9a81bf6b39dc4c,https://www.bilibili.com/video/BV1BU4y117KW
7cef395382084ac1b4961b575cfb1fe3,https://www.bilibili.com/video/BV1Z44y1v762
fcaaed5c9fce4295a668f7ac73d1f094,https://www.bilibili.com/video/BV1yt411j7bY
99fd868820e3457182594e5a41a6630d,https://www.bilibili.com/video/BV1GZ4y1f7vq
625e46f2593440bda3d6cd7fc0d4de54,https://www.bilibili.com/video/BV1YZ4y1y7Pa
272e4d7bbf4b4dfe8f959587cffb9d8c,https://www.bilibili.com/video/BV1Xs411o7B9
5bc73df138c742889967da5a5c93e703,https://www.bilibili.com/video/BV12b411P7fN
ef853ee6c5354e93b52ac8e7d7eebfde,https://www.bilibili.com/video/BV1Lm4y197mM
6206911fe5f24fdda78a6b6b63b68fd1,https://www.bilibili.com/video/BV1vt411q7j9
